{"cameraMode":{"drawMode":0,"name":"Shaded","section":"Shading Mode"},"sceneLighting":false,"audioPlay":false,"sceneViewState":{"showFog":true,"showMaterialUpdate":false,"showSkybox":true,"showFlares":true,"showImageEffects":true,"showParticleSystems":true},"in2DMode":false,"pivot":{"x":0.0645456314086914,"y":-4.505637168884277,"z":5.236208915710449},"rotation":{"x":-0.35053208470344546,"y":0.1702856421470642,"z":-0.06497543305158615,"w":-0.9186447858810425},"size":25.945606231689454,"orthographic":false}