{"cameraMode":{"drawMode":0,"name":"Shaded","section":"Shading Mode"},"sceneLighting":false,"audioPlay":false,"sceneViewState":{"showFog":true,"showMaterialUpdate":false,"showSkybox":true,"showFlares":true,"showImageEffects":true,"showParticleSystems":true},"in2DMode":false,"pivot":{"x":0.7412424087524414,"y":-0.458892822265625,"z":-1.1140809059143067},"rotation":{"x":0.29826271533966067,"y":0.5577435493469238,"z":-0.22439321875572205,"w":0.7413563132286072},"size":23.50592613220215,"orthographic":false}