{"cameraMode":{"drawMode":0,"name":"Shaded","section":"Shading Mode"},"sceneLighting":false,"audioPlay":false,"sceneViewState":{"showFog":true,"showMaterialUpdate":false,"showSkybox":true,"showFlares":true,"showImageEffects":true,"showParticleSystems":true},"in2DMode":false,"pivot":{"x":-0.04905025288462639,"y":1.7093477249145508,"z":1.322822093963623},"rotation":{"x":0.25371053814888,"y":-0.005506979301571846,"z":0.0014432633761316538,"w":0.9672634601593018},"size":4.794474124908447,"orthographic":false}