{"cameraMode":{"drawMode":0,"name":"Shaded","section":"Shading Mode"},"sceneLighting":false,"audioPlay":false,"sceneViewState":{"showFog":true,"showMaterialUpdate":false,"showSkybox":true,"showFlares":true,"showImageEffects":true,"showParticleSystems":true},"in2DMode":false,"pivot":{"x":5.576896667480469,"y":7.324636459350586,"z":5.659465789794922},"rotation":{"x":-0.15964846312999726,"y":0.8290789127349854,"z":-0.2965686619281769,"w":-0.4463043808937073},"size":4.137897491455078,"orthographic":false}