{"cameraMode":{"drawMode":0,"name":"Shaded","section":"Shading Mode"},"sceneLighting":false,"audioPlay":false,"sceneViewState":{"showFog":true,"showMaterialUpdate":false,"showSkybox":true,"showFlares":true,"showImageEffects":true,"showParticleSystems":true},"in2DMode":false,"pivot":{"x":303.2474060058594,"y":398.7008972167969,"z":47.13603973388672},"rotation":{"x":0.2966887056827545,"y":-0.04123365506529808,"z":0.012821724638342858,"w":0.9539974927902222},"size":202.259765625,"orthographic":false}