{"cameraMode":{"drawMode":0,"name":"Shaded","section":"Shading Mode"},"sceneLighting":false,"audioPlay":false,"sceneViewState":{"showFog":true,"showMaterialUpdate":false,"showSkybox":true,"showFlares":true,"showImageEffects":true,"showParticleSystems":true},"in2DMode":false,"pivot":{"x":290.4835205078125,"y":356.5263977050781,"z":0.0},"rotation":{"x":0.44294893741607668,"y":-0.10022187978029251,"z":0.04990454763174057,"w":0.889528751373291},"size":31.701610565185548,"orthographic":false}