{"cameraMode":{"drawMode":0,"name":"Shaded","section":"Shading Mode"},"sceneLighting":false,"audioPlay":false,"sceneViewState":{"showFog":true,"showMaterialUpdate":false,"showSkybox":true,"showFlares":true,"showImageEffects":true,"showParticleSystems":true},"in2DMode":false,"pivot":{"x":-0.9662714004516602,"y":0.6489144563674927,"z":-0.05062294006347656},"rotation":{"x":0.20098641514778138,"y":-0.03673380985856056,"z":0.007541365455836058,"w":0.9788760542869568},"size":5.577319622039795,"orthographic":false}