{"cameraMode":{"drawMode":0,"name":"Shaded","section":"Shading Mode"},"sceneLighting":false,"audioPlay":false,"sceneViewState":{"showFog":true,"showMaterialUpdate":false,"showSkybox":true,"showFlares":true,"showImageEffects":true,"showParticleSystems":true},"in2DMode":false,"pivot":{"x":-1.1620346307754517,"y":-18.043132781982423,"z":12.811488151550293},"rotation":{"x":0.49738386273384097,"y":-0.06106824427843094,"z":0.035127364099025729,"w":0.8646653294563294},"size":35.897220611572269,"orthographic":false}