{"cameraMode":{"drawMode":0,"name":"Shaded","section":"Shading Mode"},"sceneLighting":false,"audioPlay":false,"sceneViewState":{"showFog":true,"showMaterialUpdate":false,"showSkybox":true,"showFlares":true,"showImageEffects":true,"showParticleSystems":true},"in2DMode":false,"pivot":{"x":-4.96999979019165,"y":1.2999999523162842,"z":4.309999942779541},"rotation":{"x":0.39794236421585085,"y":-0.030274398624897004,"z":0.0131395123898983,"w":0.9168166518211365},"size":2.8578836917877199,"orthographic":false}