{"cameraMode":{"drawMode":0,"name":"Shaded","section":"Shading Mode"},"sceneLighting":false,"audioPlay":false,"sceneViewState":{"showFog":true,"showMaterialUpdate":false,"showSkybox":true,"showFlares":true,"showImageEffects":true,"showParticleSystems":true},"in2DMode":false,"pivot":{"x":0.11653199791908264,"y":0.6087563037872315,"z":-0.6351423263549805},"rotation":{"x":-0.014192472212016583,"y":-0.9746129512786865,"z":0.2138812094926834,"w":-0.06467702239751816},"size":2.51387095451355,"orthographic":false}