{"cameraMode":{"drawMode":0,"name":"Shaded","section":"Shading Mode"},"sceneLighting":false,"audioPlay":false,"sceneViewState":{"showFog":true,"showMaterialUpdate":false,"showSkybox":true,"showFlares":true,"showImageEffects":true,"showParticleSystems":true},"in2DMode":false,"pivot":{"x":-0.0024174172431230547,"y":3.003713846206665,"z":1.6928753852844239},"rotation":{"x":0.2883571982383728,"y":0.007474640384316444,"z":-0.002252500271424651,"w":0.9574910998344421},"size":7.214782238006592,"orthographic":false}