{"cameraMode":{"drawMode":0,"name":"Shaded","section":"Shading Mode"},"sceneLighting":false,"audioPlay":false,"sceneViewState":{"showFog":true,"showMaterialUpdate":false,"showSkybox":true,"showFlares":true,"showImageEffects":true,"showParticleSystems":true},"in2DMode":false,"pivot":{"x":-1.4999991655349732,"y":0.8962231874465942,"z":0.01029255986213684},"rotation":{"x":-0.239340677857399,"y":0.23093800246715547,"z":-0.05872255563735962,"w":-0.9412413835525513},"size":3.388624668121338,"orthographic":false}