{"cameraMode":{"drawMode":0,"name":"Shaded","section":"Shading Mode"},"sceneLighting":false,"audioPlay":false,"sceneViewState":{"showFog":true,"showMaterialUpdate":false,"showSkybox":true,"showFlares":true,"showImageEffects":true,"showParticleSystems":true},"in2DMode":false,"pivot":{"x":-0.3466528654098511,"y":2.8183064460754396,"z":-2.8202600479125978},"rotation":{"x":-0.012199829332530499,"y":0.9824486374855042,"z":-0.17271623015403748,"w":-0.06939005851745606},"size":7.491063117980957,"orthographic":false}