{"cameraMode":{"drawMode":0,"name":"Shaded","section":"Shading Mode"},"sceneLighting":false,"audioPlay":false,"sceneViewState":{"showFog":true,"showMaterialUpdate":false,"showSkybox":true,"showFlares":true,"showImageEffects":true,"showParticleSystems":true},"in2DMode":false,"pivot":{"x":-0.31461721658706667,"y":-4.3546552658081059,"z":11.169504165649414},"rotation":{"x":0.2782866060733795,"y":0.0046151140704751019,"z":-0.0013388543156906963,"w":0.9604860544204712},"size":19.169748306274415,"orthographic":false}