{"cameraMode":{"drawMode":0,"name":"Shaded","section":"Shading Mode"},"sceneLighting":false,"audioPlay":false,"sceneViewState":{"showFog":true,"showMaterialUpdate":false,"showSkybox":true,"showFlares":true,"showImageEffects":true,"showParticleSystems":true},"in2DMode":false,"pivot":{"x":0.37644243240356448,"y":0.8396193981170654,"z":-0.7078853845596314},"rotation":{"x":-0.014192472212016583,"y":-0.9746129512786865,"z":0.2138812094926834,"w":-0.06467702239751816},"size":2.2138710021972658,"orthographic":false}