{"cameraMode":{"drawMode":0,"name":"Shaded","section":"Shading Mode"},"sceneLighting":false,"audioPlay":false,"sceneViewState":{"showFog":true,"showMaterialUpdate":false,"showSkybox":true,"showFlares":true,"showImageEffects":true,"showParticleSystems":true},"in2DMode":false,"pivot":{"x":0.35883545875549319,"y":5.910684585571289,"z":-3.0819616317749025},"rotation":{"x":0.4952336847782135,"y":0.07953622937202454,"z":-0.04559508338570595,"w":0.8639090061187744},"size":9.640122413635254,"orthographic":false}