{"cameraMode":{"drawMode":0,"name":"Shaded","section":"Shading Mode"},"sceneLighting":false,"audioPlay":false,"sceneViewState":{"showFog":true,"showMaterialUpdate":false,"showSkybox":true,"showFlares":true,"showImageEffects":true,"showParticleSystems":true},"in2DMode":false,"pivot":{"x":-11.952311515808106,"y":-12.133350372314454,"z":19.950777053833009},"rotation":{"x":0.2724737823009491,"y":-0.28597626090049746,"z":0.08518413454294205,"w":0.9147236347198486},"size":34.39563751220703,"orthographic":false}