{"cameraMode":{"drawMode":0,"name":"Shaded","section":"Shading Mode"},"sceneLighting":false,"audioPlay":false,"sceneViewState":{"showFog":true,"showMaterialUpdate":false,"showSkybox":true,"showFlares":true,"showImageEffects":true,"showParticleSystems":true},"in2DMode":false,"pivot":{"x":0.0,"y":1.0329999923706055,"z":3.065000057220459},"rotation":{"x":0.2724737823009491,"y":-0.28597626090049746,"z":0.08518413454294205,"w":0.9147236347198486},"size":3.800412893295288,"orthographic":false}