{"cameraMode":{"drawMode":0,"name":"Shaded","section":"Shading Mode"},"sceneLighting":false,"audioPlay":false,"sceneViewState":{"showFog":true,"showMaterialUpdate":false,"showSkybox":true,"showFlares":true,"showImageEffects":true,"showParticleSystems":true},"in2DMode":false,"pivot":{"x":0.14259730279445649,"y":-2.687981605529785,"z":4.337896347045898},"rotation":{"x":0.29549553990364077,"y":0.014620915055274964,"z":-0.004524736665189266,"w":0.9552215933799744},"size":13.10575008392334,"orthographic":false}