{"cameraMode":{"drawMode":0,"name":"Shaded","section":"Shading Mode"},"sceneLighting":false,"audioPlay":false,"sceneViewState":{"showFog":true,"showMaterialUpdate":false,"showSkybox":true,"showFlares":true,"showImageEffects":true,"showParticleSystems":true},"in2DMode":false,"pivot":{"x":0.22144824266433717,"y":-3.6602673530578615,"z":13.514291763305664},"rotation":{"x":0.24206972122192384,"y":-0.013949607498943806,"z":0.003479563631117344,"w":0.9701523780822754},"size":19.192928314208986,"orthographic":false}