{"cameraMode":{"drawMode":0,"name":"Shaded","section":"Shading Mode"},"sceneLighting":false,"audioPlay":false,"sceneViewState":{"showFog":true,"showMaterialUpdate":false,"showSkybox":true,"showFlares":true,"showImageEffects":true,"showParticleSystems":true},"in2DMode":false,"pivot":{"x":-1.1409050226211548,"y":-7.876762390136719,"z":3.0293779373168947},"rotation":{"x":0.40624019503593447,"y":-0.07906074821949005,"z":0.03530556336045265,"w":0.9096547961235046},"size":24.471824645996095,"orthographic":false}