{"cameraMode":{"drawMode":0,"name":"Shaded","section":"Shading Mode"},"sceneLighting":false,"audioPlay":false,"sceneViewState":{"showFog":true,"showMaterialUpdate":false,"showSkybox":true,"showFlares":true,"showImageEffects":true,"showParticleSystems":true},"in2DMode":false,"pivot":{"x":1.0810171365737916,"y":1.4783390760421754,"z":0.6237752437591553},"rotation":{"x":0.324590802192688,"y":0.1120157390832901,"z":-0.0387471579015255,"w":0.9383986592292786},"size":6.9954609870910648,"orthographic":false}