{"cameraMode":{"drawMode":0,"name":"Shaded","section":"Shading Mode"},"sceneLighting":false,"audioPlay":false,"sceneViewState":{"showFog":true,"showMaterialUpdate":false,"showSkybox":true,"showFlares":true,"showImageEffects":true,"showParticleSystems":true},"in2DMode":false,"pivot":{"x":0.32086074352264407,"y":1.7681670188903809,"z":1.3852918148040772},"rotation":{"x":-0.3161437511444092,"y":-0.14302372932434083,"z":0.04827684164047241,"w":-0.9366251826286316},"size":5.298276901245117,"orthographic":false}