{"cameraMode":{"drawMode":0,"name":"Shaded","section":"Shading Mode"},"sceneLighting":false,"audioPlay":false,"sceneViewState":{"showFog":true,"showMaterialUpdate":false,"showSkybox":true,"showFlares":true,"showImageEffects":true,"showParticleSystems":true},"in2DMode":false,"pivot":{"x":0.06342373788356781,"y":3.0440590381622316,"z":2.235186815261841},"rotation":{"x":-0.3141081929206848,"y":0.005965644493699074,"z":-0.0019730522762984039,"w":-0.9493664503097534},"size":7.520388126373291,"orthographic":false}