{"cameraMode":{"drawMode":0,"name":"Shaded","section":"Shading Mode"},"sceneLighting":false,"audioPlay":false,"sceneViewState":{"showFog":true,"showMaterialUpdate":false,"showSkybox":true,"showFlares":true,"showImageEffects":true,"showParticleSystems":true},"in2DMode":false,"pivot":{"x":2.7118239402770998,"y":0.19983267784118653,"z":-0.6841635704040527},"rotation":{"x":-0.08193384855985642,"y":-0.9018089771270752,"z":0.1964832991361618,"w":-0.3760609030723572},"size":9.687192916870118,"orthographic":false}