{"cameraMode":{"drawMode":0,"name":"Shaded","section":"Shading Mode"},"sceneLighting":false,"audioPlay":false,"sceneViewState":{"showFog":true,"showMaterialUpdate":false,"showSkybox":true,"showFlares":true,"showImageEffects":true,"showParticleSystems":true},"in2DMode":false,"pivot":{"x":-1.4992237091064454,"y":-4.055170059204102,"z":1.7996525764465333},"rotation":{"x":0.5632750988006592,"y":0.07927916198968888,"z":-0.0544167160987854,"w":0.8206551671028137},"size":26.956069946289064,"orthographic":false}