{"cameraMode":{"drawMode":0,"name":"Shaded","section":"Shading Mode"},"sceneLighting":false,"audioPlay":false,"sceneViewState":{"showFog":true,"showMaterialUpdate":false,"showSkybox":true,"showFlares":true,"showImageEffects":true,"showParticleSystems":true},"in2DMode":false,"pivot":{"x":-0.1548960655927658,"y":0.7384016513824463,"z":3.9700002670288088},"rotation":{"x":0.19229799509048463,"y":-0.010004409588873387,"z":0.001958847511559725,"w":0.9812836647033691},"size":7.956910133361816,"orthographic":false}