{"cameraMode":{"drawMode":0,"name":"Shaded","section":"Shading Mode"},"sceneLighting":false,"audioPlay":false,"sceneViewState":{"showFog":true,"showMaterialUpdate":false,"showSkybox":true,"showFlares":true,"showImageEffects":true,"showParticleSystems":true},"in2DMode":false,"pivot":{"x":-4.5710530281066898,"y":0.7013339996337891,"z":4.618244647979736},"rotation":{"x":0.20255598425865174,"y":-0.018205752596259118,"z":0.0037669213488698007,"w":0.9790942072868347},"size":9.374022483825684,"orthographic":false}