{"cameraMode":{"drawMode":0,"name":"Shaded","section":"Shading Mode"},"sceneLighting":false,"audioPlay":false,"sceneViewState":{"showFog":true,"showMaterialUpdate":false,"showSkybox":true,"showFlares":true,"showImageEffects":true,"showParticleSystems":true},"in2DMode":false,"pivot":{"x":0.5560675263404846,"y":-34.24776840209961,"z":41.8792610168457},"rotation":{"x":0.3226068615913391,"y":0.010788380168378353,"z":-0.0036780547816306354,"w":0.9464644193649292},"size":95.56808471679688,"orthographic":false}