{"cameraMode":{"drawMode":0,"name":"Shaded","section":"Shading Mode"},"sceneLighting":false,"audioPlay":false,"sceneViewState":{"showFog":true,"showMaterialUpdate":false,"showSkybox":true,"showFlares":true,"showImageEffects":true,"showParticleSystems":true},"in2DMode":false,"pivot":{"x":4.68412971496582,"y":-18.26215171813965,"z":50.20281982421875},"rotation":{"x":0.2376915067434311,"y":0.011071240529417992,"z":-0.0027101344894617798,"w":0.9712738990783691},"size":67.74916076660156,"orthographic":false}